"traffic.mean","tr.var"
0.208500359063263,0.0167334640785812
